,class,col_0,col_1,col_2,col_3,col_4,col_5
0,A,0.0,,2.0,3.0,4.0,5.0
1,B,6.0,7.0,8.0,9.0,10.0,11.0
2,C,12.0,13.0,,15.0,16.0,17.0
3,D,18.0,19.0,20.0,,22.0,23.0
4,P,34.0,35.0,78.0,50.46629377521173,,52.70728211067636
5,Q,45.0,35.0,9.0,54.43863826057332,49.111752235197514,40.58845519814566
6,R,24.0,26.0,12.0,42.88945961413155,,54.39768434878043
7,S,29.0,33.0,13.0,42.71480746041389,53.924056508113964,59.24115030881612
